Clock skew,RSS,ch1,ch2,ch3,ch4,ch5,ch6,ch7,ch8,ch9,duration,SSID,MAC Address
2.2005434529970684e-05,-89,1,0,0,0,0,0,0,0,0,3096,olleh_WiFi_1B1E,08:5d:dd:60:1b:22
2.2070953040145842e-05,-87,1,0,0,0,0,0,0,0,0,3096,olleh_WiFi_1B1E,08:5d:dd:60:1b:22
2.2129536253827033e-05,-89,1,0,0,0,0,0,0,0,0,3096,olleh_WiFi_1B1E,08:5d:dd:60:1b:22
2.2161416768832455e-05,-89,1,0,0,0,0,0,0,0,0,3096,olleh_WiFi_1B1E,08:5d:dd:60:1b:22
2.1829651972537783e-05,-91,1,0,0,0,0,0,0,0,0,3096,olleh_WiFi_1B1E,08:5d:dd:60:1b:22
2.188588698663864e-05,-89,1,0,0,0,0,0,0,0,0,3096,olleh_WiFi_1B1E,08:5d:dd:60:1b:22
2.1815778849012472e-05,-89,1,0,0,0,0,0,0,0,0,3096,olleh_WiFi_1B1E,08:5d:dd:60:1b:22
2.2088785817767698e-05,-87,1,0,0,0,0,0,0,0,0,3096,olleh_WiFi_1B1E,08:5d:dd:60:1b:22
