Clock skew,RSS,ch1,ch2,ch3,ch4,ch5,ch6,ch7,ch8,ch9,duration,SSID,MAC Address
2.200543452997068e-05,-89,1,0,0,0,0,0,0,0,0,3096,olleh_WiFi_1B1E,08:5d:dd:60:1b:22
2.2070953040118452e-05,-87,1,0,0,0,0,0,0,0,0,3096,olleh_WiFi_1B1E,08:5d:dd:60:1b:22
2.212953625379623e-05,-89,1,0,0,0,0,0,0,0,0,3096,olleh_WiFi_1B1E,08:5d:dd:60:1b:22
2.216141676878688e-05,-89,1,0,0,0,0,0,0,0,0,3096,olleh_WiFi_1B1E,08:5d:dd:60:1b:22
2.1829651972568185e-05,-91,1,0,0,0,0,0,0,0,0,3096,olleh_WiFi_1B1E,08:5d:dd:60:1b:22
2.188588698658361e-05,-89,1,0,0,0,0,0,0,0,0,3096,olleh_WiFi_1B1E,08:5d:dd:60:1b:22
2.1815778849215286e-05,-89,1,0,0,0,0,0,0,0,0,3096,olleh_WiFi_1B1E,08:5d:dd:60:1b:22
2.208878581780761e-05,-87,1,0,0,0,0,0,0,0,0,3096,olleh_WiFi_1B1E,08:5d:dd:60:1b:22
