delta seq no,length,label
25.090586,158,1
28.478754,158,1
21.586504,158,1
22.614437,158,1
17.64197,158,1
23.573727,158,1
