delta seq no,length,label
13.544995,158,1
26.419758,158,1
3.2761166,158,1
0.008729606,158,1
