delta seq no,length,label
27.75746,158,1
13.904313,158,1
15.671066,158,1
12.813065,158,1
6.437303,158,1
10.358845,158,1
6.6731443,158,1
17.09204,158,1
9.660331,158,1
