delta seq no,length,label
13.552885,158,2
26.419315,158,2
3.271992,158,2
0.58069587,158,2
