delta seq no,length,label
0.6710672974586487,108,1
1.0683019161224365,108,1
-0.18663088977336884,108,1
-1.1331952810287476,108,1
0.7086242437362671,108,1
