delta seq no,length,label
-0.8204182386398315,108,5
0.4584791362285614,108,5
-1.2801350355148315,108,5
0.9833047986030579,108,5
0.9843767285346985,108,5
