Clock skew,RSS,ch1,ch2,ch3,ch4,ch5,ch6,ch7,ch8,ch9,duration,SSID,MAC Address
1.88748601503191e-05,-91,0,0,0,0,0,1,0,0,0,3576,KT_GiGA_2G_Wave2_547B,00:07:89:c5:54:7e
1.8354818439559073e-05,-91,0,0,0,0,0,1,0,0,0,3576,KT_GiGA_2G_Wave2_547B,00:07:89:c5:54:7e
1.8317637205780404e-05,-91,0,0,0,0,0,1,0,0,0,3576,KT_GiGA_2G_Wave2_547B,00:07:89:c5:54:7e
1.8911770284048442e-05,-91,0,0,0,0,0,1,0,0,0,3576,KT_GiGA_2G_Wave2_547B,00:07:89:c5:54:7e
1.8818068894545334e-05,-89,0,0,0,0,0,1,0,0,0,3576,KT_GiGA_2G_Wave2_547B,00:07:89:c5:54:7e
1.9248956656495872e-05,-91,0,0,0,0,0,1,0,0,0,3576,KT_GiGA_2G_Wave2_547B,00:07:89:c5:54:7e
1.874676453401172e-05,-91,0,0,0,0,0,1,0,0,0,3576,KT_GiGA_2G_Wave2_547B,00:07:89:c5:54:7e
1.8275991171357904e-05,-91,0,0,0,0,0,1,0,0,0,3576,KT_GiGA_2G_Wave2_547B,00:07:89:c5:54:7e
