Clock skew,RSS,ch1,ch2,ch3,ch4,ch5,ch6,ch7,ch8,ch9,duration,SSID,MAC Address
1.88748601503191e-05,-91,0,0,0,0,0,1,0,0,0,3576,KT_GiGA_2G_Wave2_547B,00:07:89:c5:54:7e
1.83548184396928e-05,-91,0,0,0,0,0,1,0,0,0,3576,KT_GiGA_2G_Wave2_547B,00:07:89:c5:54:7e
1.8317637205697964e-05,-91,0,0,0,0,0,1,0,0,0,3576,KT_GiGA_2G_Wave2_547B,00:07:89:c5:54:7e
1.8911770284129384e-05,-91,0,0,0,0,0,1,0,0,0,3576,KT_GiGA_2G_Wave2_547B,00:07:89:c5:54:7e
1.8818068894478618e-05,-89,0,0,0,0,0,1,0,0,0,3576,KT_GiGA_2G_Wave2_547B,00:07:89:c5:54:7e
1.9248956656562266e-05,-91,0,0,0,0,0,1,0,0,0,3576,KT_GiGA_2G_Wave2_547B,00:07:89:c5:54:7e
1.8746764534259174e-05,-91,0,0,0,0,0,1,0,0,0,3576,KT_GiGA_2G_Wave2_547B,00:07:89:c5:54:7e
1.827599116980871e-05,-91,0,0,0,0,0,1,0,0,0,3576,KT_GiGA_2G_Wave2_547B,00:07:89:c5:54:7e
