delta seq no,length,label
3.37888,159,2
2.6354246,159,2
2.6891737,159,2
19.255104,159,2
29.941252,159,2
28.070297,159,2
26.423805,159,2
12.209861,159,2
20.975943,159,2
