delta seq no,length,label
0.49510732,94,6
0.45118442,94,6
0.435678,94,6
0.45030388,94,6
0.4697394,94,6
0.4800213,94,6
