delta seq no,length,label
0.49895564,94,6
0.45269436,94,6
0.4342702,94,6
0.45189846,94,6
0.47249487,94,6
0.4835429,94,6
