delta seq no,length,label
0.49224243,94,6
0.45251253,94,6
0.43113104,94,6
0.44815582,94,6
0.4646501,94,6
0.48706695,94,6
