delta seq no,length,label
-0.27867430448532104,157,3
1.533147931098938,157,3
