delta seq no,length,label
-1.09976327419281,157,10
0.3207606077194214,157,10
