delta seq no,length,label
32.5836,157,3
15.437536,157,3
12.109995,157,3
15.593689,157,3
3.3302612,157,3
2.4853258,157,3
11.550127,157,3
9.678594,157,3
