delta seq no,length,label
109.62081672222094,108,3
105.91764726544682,108,3
100.93223653620157,108,3
