delta seq no,length,label
64.92679077061445,108,3
18.75974420489908,108,3
66.07728247215599,108,3
