delta seq no,length,label
32.32231521606445,108,7
3.9106061458587646,108,7
3.3504512310028076,108,7
