delta seq no,length,label
64.92679077061443,108,2
18.75974420489908,108,2
66.07728247215599,108,2
