delta seq no,length,label
64.41609586428248,108,4
24.30143162386888,108,4
47.36748792848526,108,4
