delta seq no,length,label
64.41609954833984,108,7
24.30143928527832,108,7
47.36747741699219,108,7
