delta seq no,length,label
19.708261489868164,157,15
15.490606307983398,157,15
22.008312225341797,157,15
86.14217376708984,157,15
62.273216247558594,157,15
33.91544723510742,157,15
