delta seq no,length,label
65.18492889404297,157,1
38.002262115478516,157,1
28.322895050048828,157,1
43.75617218017578,157,1
