delta seq no,length,label
2.2235043048858643,166,23
-0.3526943624019623,166,23
