delta seq no,length,label
1.3070018291473389,166,2
0.6676421761512756,166,2
