delta seq no,length,label
-1.9526532888412476,166,3
1.2345234155654907,166,3
