delta seq no,length,label
64.38956451416016,108,2
24.26580238342285,108,2
47.358360290527344,108,2
