delta seq no,length,label
109.42180997928837,251,1
107.71230007027567,251,1
97.08136698125436,251,1
