delta seq no,length,label
78.81227933732067,251,2
23.98584853969849,251,2
