delta seq no,length,label
23.151083,158,1
11.098645,158,1
12.273197,158,1
8.911658,158,1
12.292491,158,1
9.264926,158,1
14.003527,158,1
9.423367,158,1
14.317575,158,1
