delta seq no,length,label
23.15682,158,1
11.10438,158,1
12.274243,158,1
8.912092,158,1
12.2957945,158,1
9.248373,158,1
14.005886,158,1
9.417274,158,1
14.318597,158,1
