delta seq no,length,label
24.983030319213867,157,2
0.11162860691547394,157,2
3.4349160194396973,157,2
2.6718339920043945,157,2
