delta seq no,length,label
116.4899497074701,157,0
96.78437296785586,157,0
