delta seq no,length,label
43.52628920241093,157,0
79.35273009452149,157,0
68.82908460330111,157,0
