delta seq no,length,label
65.21090103365484,157,2
38.0175493122264,157,2
28.32655582732228,157,2
43.763080285489345,157,2
