delta seq no,length,label
65.21089935302734,157,4
38.0172119140625,157,4
28.32655143737793,157,4
43.76307678222656,157,4
