delta seq no,length,label
-0.11976791173219681,157,18
-1.1355726718902588,159,18
