delta seq no,length,label
13.429329,159,3
15.328517,159,3
12.112053,159,3
9.235352,159,3
16.76602,159,3
15.135357,159,3
15.243175,159,3
11.549475,159,3
9.678542,159,3
