delta seq no,length,label
12.026986,149,0
14.225203,149,0
12.387177,149,0
9.691587,149,0
11.905332,149,0
-0.4838626,149,0
15.207084,149,0
10.073442,149,0
15.852864,149,0
