delta seq no,length,label
6.6706033,149,0
6.2394457,149,0
6.1719513,149,0
16.292992,149,0
27.0479,149,0
24.828176,149,0
23.083948,149,0
12.477458,149,0
20.811304,149,0
