delta seq no,length,label
-0.857405960559845,158,2
2.06886625289917,158,2
-0.9921562075614929,158,2
0.48843491077423096,158,2
