delta seq no,length,label
-0.6877778768539429,158,1
-0.8373239040374756,158,1
2.0603854656219482,158,1
-0.9684737920761108,158,1
1.213164210319519,158,1
-0.8040681481361389,158,1
0.49988028407096863,158,1
-1.2477264404296875,158,1
0.9995825290679932,158,1
