delta seq no,length,label
85.3470687866211,158,5
100.96334838867188,158,5
27.55449676513672,158,5
110.058349609375,158,5
82.92500305175781,158,5
105.29077911376953,158,5
61.44331359863281,158,5
118.40480041503906,158,5
137.0814208984375,158,5
