delta seq no,length,mac address
85.66744232177734,158,18
99.86756134033203,158,18
29.40640640258789,158,18
109.72049713134766,158,18
82.9758529663086,158,18
105.87506866455078,158,18
61.497867584228516,158,18
118.896484375,158,18
136.64439392089844,158,18
