delta seq no,length,label
1.7919764518737793,158,16
-0.1294635534286499,158,16
-1.1448298692703247,158,16
1.3024628162384033,158,16
0.6626739501953125,158,16
-0.31192219257354736,158,16
1.440053939819336,158,16
-0.7169678807258606,158,16
2.2235043048858643,158,16
