delta seq no,length,mac address
125.6487808227539,158,21
153.331298828125,158,21
133.66868591308594,158,21
