delta seq no,length,label
0.669810950756073,158,18
-0.3065769076347351,158,18
1.4405914545059204,158,18
-0.7109357714653015,158,18
2.228760004043579,158,18
-0.3464532196521759,158,18
0.6799103617668152,158,18
1.0767229795455933,158,18
-0.1841384768486023,158,18
