delta seq no,length,label
1.0211018323898315,158,2
-0.2647378444671631,158,2
-0.41850975155830383,158,2
1.4050217866897583,158,2
-1.0124133825302124,158,2
0.33505815267562866,158,2
1.751488447189331,158,2
-0.48385268449783325,158,2
1.8104828596115112,158,2
