delta seq no,length,label
23.667767,149,0
12.454072,149,0
12.336435,149,0
12.115912,149,0
-0.510218,149,0
11.360887,149,0
15.854865,149,0
