delta seq no,length,label
23.669132,149,0
12.454363,149,0
12.33718,149,0
12.123128,149,0
0.4869871,149,0
11.359431,149,0
15.852427,149,0
