delta seq no,length,label
3.1343715,166,3
5.825838,166,3
6.510639,166,3
2.8841655,166,3
