delta seq no,length,label
11.589851,157,-1
10.755156,157,-1
11.3839655,157,-1
5.2454977,157,-1
46.464455,157,-1
78.16377,157,-1
