delta seq no,length,label
32.95055,149,0
16.633587,149,0
12.335543,149,0
15.419179,149,0
