delta seq no,length,label
11.593323,149,0
10.671821,149,0
0.38557872,149,0
11.956006,149,0
34.247772,149,0
