delta seq no,length,label
10.856597,158,2
18.13823,158,2
7.23225,158,2
9.128618,158,2
3.9148216,158,2
14.522488,158,2
12.733189,158,2
8.328508,158,2
11.390529,158,2
