delta seq no,length,label
25.097853,158,1
28.474024,158,1
21.579123,158,1
22.623957,158,1
17.644407,158,1
23.57496,158,1
