delta seq no,length,label
10.859961,158,1
18.144114,158,1
7.2424874,158,1
9.132623,158,1
2.7728627,158,1
14.523701,158,1
12.736094,158,1
8.353441,158,1
11.393182,158,1
