delta seq no,length,label
12.210722,158,2
14.672074,158,2
9.636249,158,2
11.226948,158,2
14.13398,158,2
14.765643,158,2
2.848319,158,2
10.076277,158,2
11.287307,158,2
