delta seq no,length,label
27.287468,149,0
28.366201,149,0
