delta seq no,length,label
6.6639547,149,0
6.2413754,149,0
6.172864,149,0
16.297115,149,0
27.043726,149,0
24.83217,149,0
23.082909,149,0
12.47892,149,0
20.81292,149,0
