delta seq no,length,label
32.992077,149,0
16.636837,149,0
12.330574,149,0
15.419448,149,0
