delta seq no,length,label
27.290813,149,0
28.364742,149,0
