delta seq no,length,label
16.135382,157,4
27.885405,157,4
