delta seq no,length,label
3.3741472,159,2
2.6476703,159,2
2.6912048,159,2
19.250723,159,2
29.94572,159,2
28.070095,159,2
26.424376,159,2
12.208009,159,2
20.977959,159,2
