delta seq no,length,label
76.87560272216797,251,5
80.20258331298828,251,5
91.67263793945312,251,5
75.82469177246094,251,5
62.20591735839844,251,5
