delta seq no,length,label
36.635235,159,4
29.106913,159,4
17.13288,159,4
9.069215,159,4
10.743896,159,4
12.209423,159,4
16.94523,159,4
10.137181,159,4
19.870089,159,4
