delta seq no,length,label
36.633358,157,4
29.109192,157,4
17.135292,157,4
9.07105,157,4
10.742405,157,4
12.2068205,157,4
16.95249,157,4
10.136524,157,4
19.86136,157,4
