delta seq no,length,mac address
70.91278076171875,66,17
121.65296173095703,66,17
96.88433837890625,66,17
51.09376525878906,66,17
63.011627197265625,66,17
57.27943420410156,66,17
62.59951400756836,66,17
67.91740417480469,66,17
96.29084014892578,66,17
