delta seq no,length,label
-0.7150614857673645,66,2
-0.8643637895584106,66,2
2.059668779373169,66,2
-0.9926638603210449,66,2
1.1269594430923462,66,2
-0.8204182386398315,66,2
0.4584791362285614,66,2
-1.2801350355148315,66,2
0.9833047986030579,66,2
