delta seq no,length,label
-0.9928430318832397,66,5
1.1282166242599487,66,5
-0.8181785941123962,66,5
0.4562092125415802,66,5
-1.2728241682052612,66,5
0.9785004258155823,66,5
0.9967554807662964,66,5
-0.2918298840522766,66,5
-0.41924580931663513,66,5
