delta seq no,length,label
69.93892669677734,66,7
121.83210754394531,66,7
97.39631652832031,66,7
50.086708068847656,66,7
63.41611862182617,66,7
58.03795623779297,66,7
61.677425384521484,66,7
68.73969268798828,66,7
95.40885925292969,66,7
