delta seq no,length,label
0.4667508900165558,108,5
-1.2773280143737793,108,5
0.9862014055252075,108,5
