delta seq no,length,label
-0.286842942237854,66,14
-0.4129120409488678,66,14
1.390596628189087,66,14
-1.0979118347167969,66,14
0.3237617313861847,66,14
1.7109849452972412,66,14
-0.5070679187774658,66,14
1.7950820922851562,66,14
-0.12589505314826965,66,14
