delta seq no,length,label
-0.8643637895584106,149,2
2.059668779373169,149,2
