delta seq no,length,label
2.274092435836792,149,0
-0.3129660189151764,149,0
