delta seq no,length,label
0.37047824263572693,149,0
1.7451287508010864,149,0
