delta seq no,length,label
27.294731,149,0
28.372417,149,0
