delta seq no,length,label
16.137112,157,4
27.885983,157,4
