delta seq no,length,label
16.137129,157,3
27.881592,157,3
