delta seq no,length,label
32.602787,157,3
15.337548,157,3
12.111669,157,3
15.585403,157,3
0.8961078,157,3
1.1182802,157,3
11.543271,157,3
9.679791,157,3
