delta seq no,length,label
0.5859775543212891,157,0
-0.7150614857673645,159,0
