delta seq no,length,label
10.856617,158,2
18.13268,158,2
7.223537,158,2
9.126549,158,2
4.8086205,158,2
14.4970665,158,2
12.73427,158,2
8.331622,158,2
11.394098,158,2
