delta seq no,length,label
4.428843,166,2
4.092145,166,2
