delta seq no,length,label
4.5395923,166,2
3.9998007,166,2
3.2291377,166,2
3.339525,166,2
2.8453815,166,2
2.1762652,166,2
2.2289243,166,2
2.5845027,166,2
