delta seq no,length,label
4.4339075,166,3
4.090724,166,3
