delta seq no,length,label
-0.4873448610305786,158,1
1.8351408243179321,158,1
-0.1282765418291092,158,1
-0.8101155757904053,158,1
