delta seq no,length,label
-0.1294635534286499,158,15
-1.1448298692703247,158,15
1.3024628162384033,158,15
0.6626142263412476,158,15
