delta seq no,length,label
0.7667473554611206,158,2
-1.5210332870483398,158,2
1.1690882444381714,158,2
-0.6370078921318054,158,2
