delta seq no,length,label
25.475567,157,1
25.867176,157,1
