delta seq no,length,label
25.476881,157,1
25.858978,157,1
