delta seq no,length,label
1.3113083,128,2
1.3455065,128,2
2.6539097,128,2
1.4724487,128,2
1.4803814,128,2
1.243895,128,2
1.3459244,128,2
1.5767711,128,2
1.4778346,128,2
1.4542427,128,2
1.5140709,128,2
1.2388159,128,2
1.3901553,128,2
1.3768276,128,2
1.2460419,128,2
1.3173969,128,2
1.2288378,128,2
