delta seq no,length,label
1.3116833,128,2
1.3465865,128,2
2.6516542,128,2
1.4762785,128,2
1.4826638,128,2
1.238244,128,2
1.3459296,128,2
1.577047,128,2
1.4706256,128,2
1.4510251,128,2
1.5153652,128,2
1.2394564,128,2
1.3954936,128,2
1.3722448,128,2
1.2429459,128,2
1.3184398,128,2
1.2267853,128,2
