delta seq no,length,label
4.429331,166,3
4.0931582,166,3
