delta seq no,length,label
-1.5640605688095093,156,22
1.1668784618377686,156,22
-0.962838351726532,156,22
