delta seq no,length,mac address
2.6216001510620117,157,7
-0.40986642241477966,157,7
1.3105213642120361,157,7
0.25603458285331726,157,7
2.671077251434326,157,7
-0.5601707696914673,157,7
