delta seq no,length,label
19.708261489868164,157,11
15.490606307983398,157,11
21.992769241333008,157,11
86.14347076416016,157,11
62.273216247558594,157,11
33.91544723510742,157,11
