delta seq no,length,label
19.708261489868164,157,10
15.490606307983398,157,10
22.003480911254883,157,10
86.1422348022461,157,10
62.273216247558594,157,10
33.91544723510742,157,10
