delta seq no,length,label
-0.3113846778869629,156,4
1.4391580820083618,156,4
-0.7112642526626587,156,4
