Clock skew,RSS,ch1,ch2,ch3,ch4,ch5,ch6,ch7,ch8,ch9,duration,SSID,MAC Address
1.3910165842463725e-05,-27,0,0,0,0,0,0,0,0,1,2256,carlynne,88:36:6c:67:72:ec
1.4067688009614174e-05,-25,0,0,0,0,0,0,0,0,1,2256,carlynne,88:36:6c:67:72:ec
1.4178687081323111e-05,-23,0,0,0,0,0,0,0,0,1,2256,carlynne,88:36:6c:67:72:ec
1.4155825877617389e-05,-23,0,0,0,0,0,0,0,0,1,2256,carlynne,88:36:6c:67:72:ec
1.415459523675536e-05,-23,0,0,0,0,0,0,0,0,1,2256,carlynne,88:36:6c:67:72:ec
1.4240607532614081e-05,-23,0,0,0,0,0,0,0,0,1,2256,carlynne,88:36:6c:67:72:ec
1.41397325797198e-05,-27,0,0,0,0,0,0,0,0,1,2256,carlynne,88:36:6c:67:72:ec
1.4013146119873474e-05,-27,0,0,0,0,0,0,0,0,1,2256,carlynne,88:36:6c:67:72:ec
