Clock skew,RSS,ch1,ch2,ch3,ch4,ch5,ch6,ch7,ch8,ch9,duration,SSID,MAC Address
1.6346929204009214e-05,-41,0,0,0,0,0,0,0,0,1,2256,carlynne,88:36:6c:67:72:ec
1.5961053151144766e-05,-37,0,0,0,0,0,0,0,0,1,2256,carlynne,88:36:6c:67:72:ec
1.5774220087626985e-05,-35,0,0,0,0,0,0,0,0,1,2256,carlynne,88:36:6c:67:72:ec
1.5617255016729362e-05,-31,0,0,0,0,0,0,0,0,1,2256,carlynne,88:36:6c:67:72:ec
1.5613217867130604e-05,-47,0,0,0,0,0,0,0,0,1,2256,carlynne,88:36:6c:67:72:ec
1.5567693818780733e-05,-41,0,0,0,0,0,0,0,0,1,2256,carlynne,88:36:6c:67:72:ec
1.5533217140623108e-05,-35,0,0,0,0,0,0,0,0,1,2256,carlynne,88:36:6c:67:72:ec
1.552603251367749e-05,-33,0,0,0,0,0,0,0,0,1,2256,carlynne,88:36:6c:67:72:ec
