Clock skew,RSS,ch1,ch2,ch3,ch4,ch5,ch6,ch7,ch8,ch9,duration,SSID,MAC Address
1.3910165842463728e-05,-27,0,0,0,0,0,0,0,0,1,2256,carlynne,88:36:6c:67:72:ec
1.4067688009613463e-05,-25,0,0,0,0,0,0,0,0,1,2256,carlynne,88:36:6c:67:72:ec
1.4178687081319337e-05,-23,0,0,0,0,0,0,0,0,1,2256,carlynne,88:36:6c:67:72:ec
1.4155825877605423e-05,-23,0,0,0,0,0,0,0,0,1,2256,carlynne,88:36:6c:67:72:ec
1.415459523673588e-05,-23,0,0,0,0,0,0,0,0,1,2256,carlynne,88:36:6c:67:72:ec
1.4240607532601423e-05,-23,0,0,0,0,0,0,0,0,1,2256,carlynne,88:36:6c:67:72:ec
1.4139732579737869e-05,-27,0,0,0,0,0,0,0,0,1,2256,carlynne,88:36:6c:67:72:ec
1.401314611978273e-05,-27,0,0,0,0,0,0,0,0,1,2256,carlynne,88:36:6c:67:72:ec
