delta seq no,length,label
4.5389843,166,2
3.9999924,166,2
3.228541,166,2
3.3387296,166,2
2.8433018,166,2
2.1732295,166,2
7.082861,166,2
2.5874553,166,2
