delta seq no,length,label
3.3741617,166,2
3.6293433,166,2
2.0321302,166,2
2.5073085,166,2
1.8046876,166,2
3.3684254,166,2
3.274744,166,2
