Clock skew,RSS,Channel,duration,SSID,MAC Address
0.0,-91,1,3032,KT_GiGA_2G_0D51,88:3c:1c:6a:0d:55
1.9455981791458576e-05,-91,1,3032,KT_GiGA_2G_0D51,88:3c:1c:6a:0d:55
1.9907120961498235e-05,-91,1,3032,KT_GiGA_2G_0D51,88:3c:1c:6a:0d:55
