delta seq no,length,label
11.368575,158,1
9.698176,158,1
5.9466114,158,1
12.026377,158,1
6.2009377,158,1
12.226986,158,1
13.219164,158,1
50.163006,158,1
