delta seq no,length,label
27.742329,158,1
13.908138,158,1
15.663447,158,1
12.815447,158,1
10.356728,158,1
17.087254,158,1
9.657809,158,1
