delta seq no,length,label
1.0792533,130,7
0.75499153,130,7
