delta seq no,length,label
1.0796598,130,7
0.7554188,130,7
