delta seq no,length,label
1.0818372,130,7
0.75330496,130,7
