delta seq no,length,label
20.098766,157,4
12.0843,157,4
11.002252,157,4
8.726252,157,4
8.540511,157,4
9.050601,157,4
14.462992,157,4
3.8833244,157,4
