delta seq no,length,label
17.017488,157,4
27.753138,157,4
15.2237215,157,4
17.301388,157,4
5.5550957,157,4
19.051758,157,4
7.569637,157,4
13.811373,157,4
9.057943,157,4
