delta seq no,length,label
13.545507,158,2
26.420654,158,2
3.2718432,158,2
1.1682557,158,2
