delta seq no,length,label
0.28247756,223,1
0.31692746,223,1
0.2812195,223,1
