delta seq no,length,label
0.2825297,223,1
0.31711528,223,1
0.2803771,223,1
