delta seq no,length,label
0.2818448,223,1
0.31255245,223,1
0.28185162,223,1
