delta seq no,length,label
25.472187,157,1
25.85556,157,1
