delta seq no,length,label
5.072578,166,2
3.8310707,166,2
3.6431947,166,2
2.3026266,166,2
3.1764154,166,2
2.1837144,166,2
2.72652,166,2
3.526822,166,2
