delta seq no,length,label
5.075745,166,2
3.8250453,166,2
3.6358707,166,2
2.3000069,166,2
3.180921,166,2
2.179026,166,2
2.723255,166,2
3.5330875,166,2
