delta seq no,length,label
0.993484616279602,149,6
-0.28390154242515564,149,6
