delta seq no,length,label
76.8866958618164,251,16
80.20256042480469,251,16
91.67314910888672,251,16
75.82467651367188,251,16
62.20598220825195,251,16
