delta seq no,length,mac address
3.1400845050811768,251,18
3.827975273132324,251,18
2.8277578353881836,251,18
4.600729942321777,251,18
2.9608652591705322,251,18
