delta seq no,length,label
76.87704467773438,251,6
80.20256805419922,251,6
91.67269134521484,251,6
75.82473754882812,251,6
62.20685958862305,251,6
