delta seq no,length,label
10.871935,159,3
11.516255,159,3
11.614288,159,3
11.042641,159,3
15.492153,159,3
