delta seq no,length,label
10.872268,159,3
11.517375,159,3
11.617716,159,3
11.0398035,159,3
15.489574,159,3
