delta seq no,length,label
1.4487138986587524,157,27
-0.6996437311172485,157,27
