delta seq no,length,label
2.064805030822754,166,6
-0.9804503321647644,166,6
1.1440404653549194,166,6
-0.8121166229248047,166,6
