delta seq no,length,label
-0.12348299473524094,166,3
-1.1282203197479248,166,3
1.3156839609146118,166,3
0.6651524901390076,166,3
