delta seq no,length,label
-0.3526943624019623,166,17
0.6722955703735352,166,17
1.0702130794525146,166,17
-0.1900959312915802,166,17
