delta seq no,length,mac address
96.66445922851562,166,13
246.70997619628906,166,13
231.2604522705078,166,13
151.75888061523438,166,13
