delta seq no,length,label
0.9931030869483948,166,2
-0.2810472249984741,166,2
-0.4026545286178589,166,2
1.38737154006958,166,2
