delta seq no,length,label
-0.7079077959060669,166,12
2.2334184646606445,166,12
-0.3343837857246399,166,12
0.6760508418083191,166,12
