delta seq no,length,label
0.5928159356117249,166,0
-0.7047591209411621,166,0
