delta seq no,length,label
97.05253601074219,166,13
246.78616333007812,166,13
231.229736328125,166,13
151.99180603027344,166,13
