delta seq no,length,label
11.807334,159,1
13.673514,159,1
11.939241,159,1
17.562193,159,1
16.134111,159,1
15.209031,159,1
15.208897,159,1
10.030786,159,1
0.55276364,159,1
