delta seq no,length,label
3.1347597,166,2
5.815994,166,2
6.5417657,166,2
2.886364,166,2
