delta seq no,length,label
3.1290293,166,3
5.8273945,166,3
6.526691,166,3
2.8861163,166,3
