delta seq no,length,label
4.1206045,166,3
4.157007,166,3
2.728946,166,3
2.800722,166,3
3.4105036,166,3
3.0900621,166,3
2.8675566,166,3
2.0707855,166,3
2.5891712,166,3
